id	category
tt5574490	41
tt5215952	29
tt5116280	63
tt5078326	66
tt5001130	12
tt4939066	21
tt4877736	15
tt4871980	33
tt4824308	3
tt4786282	36
tt4733536	1
tt4707756	68
tt4667094	31
tt4651520	31
tt4591310	50
tt4517738	36
tt4511566	36
tt4474310	44
tt4462082	12
tt4438848	31
tt4428038	3
tt4422836	8
tt4416518	17
tt4412528	2
tt4387040	21
tt4386242	31
tt4374230	45
tt4340720	0
tt4337690	3
tt4333662	12
tt4291590	22
tt4280822	3
tt4263482	9
tt4262980	73
tt4257926	3
tt4254584	48
tt4219836	12
tt4196848	3
tt4196776	35
tt4196450	56
tt4193394	3
tt4192812	64
tt4178092	77
tt4172430	58
tt4162992	38
tt4139124	31
tt4136084	42
tt4094724	76
tt4085584	62
tt4080386	53
tt4075322	18
tt4063178	3
tt4062896	38
tt4062536	47
tt4060866	0
tt4057916	18
tt4056738	3
tt4052882	47
tt4051832	45
tt4048942	30
tt4046784	24
tt4044464	8
tt3973612	68
tt3949660	28
tt3921180	46
tt3904272	66
tt3892618	36
tt3882082	29
tt3877200	64
tt3856124	68
tt3850590	74
tt3850214	4
tt3846642	3
tt3846442	38
tt3838992	74
tt3832096	36
tt3787590	71
tt3781616	32
tt3760922	38
tt3742378	68
tt3719896	56
tt3713166	29
tt3707106	26
tt3703148	31
tt3691740	57
tt3687310	8
tt3683702	7
tt3682770	68
tt3682448	58
tt3672840	50
tt3666210	15
tt3659388	1
tt3658772	58
tt3626436	53
tt3622592	26
tt3569356	31
tt3569230	23
tt3567288	47
tt3566698	33
tt3565836	29
tt3564748	12
tt3561236	61
tt3561180	25
tt3551400	47
tt3547740	66
tt3533916	36
tt3531824	77
tt3528666	0
tt3526286	37
tt3516878	41
tt3513704	37
tt3511596	32
tt3508840	68
tt3504048	9
tt3499458	31
tt3499096	56
tt3498820	16
tt3489184	47
tt3488710	19
tt3488328	52
tt3469440	30
tt3460252	46
tt3457376	12
tt3453052	3
tt3450650	62
tt3432552	37
tt3428912	64
tt3421204	38
tt3410834	24
tt3397884	46
tt3387542	29
tt3385516	16
tt3369806	69
tt3367294	45
tt3359872	3
tt3346224	58
tt3341072	30
tt3333870	36
tt3332064	43
tt3322940	9
tt3322364	23
tt3322312	44
tt3319920	46
tt3316960	3
tt3300572	53
tt3300542	30
tt3297554	3
tt3297330	58
tt3289362	2
tt3277624	1
tt3276924	32
tt3268668	8
tt3262990	3
tt3247714	32
tt3235888	9
tt3231054	73
tt3230082	25
tt3228904	3
tt3214286	12
tt3212232	44
tt3210710	19
tt3210686	56
tt3205376	45
tt3202120	66
tt3195644	53
tt3181822	77
tt3172532	26
tt3170832	68
tt3157318	15
tt3155604	68
tt3153582	7
tt3152624	33
tt3152288	65
tt3148834	11
tt3148266	37
tt3145220	4
tt3139764	47
tt3125472	68
tt3125324	3
tt3118452	37
tt3110958	54
tt3110770	31
tt3109200	38
tt3104930	33
tt3103166	52
tt3099498	4
tt3076658	60
tt3074732	42
tt3072636	59
tt3065204	29
tt3063516	31
tt3045616	45
tt3043194	36
tt3040964	57
tt3037162	23
tt3034146	36
tt3032282	7
tt3018070	3
tt3014866	51
tt3014666	31
tt3007512	68
tt3006802	26
tt3000844	68
tt2980708	40
tt2980648	4
tt2980516	71
tt2978462	55
tt2975590	16
tt2975578	15
tt2974918	11
tt2968804	62
tt2967224	62
tt2967008	63
tt2957680	50
tt2955096	4
tt2952602	50
tt2945796	64
tt2938956	30
tt2937898	44
tt2936180	66
tt2923316	52
tt2918436	15
tt2914838	68
tt2912776	3
tt2911342	18
tt2910814	15
tt2910274	4
tt2909932	77
tt2908446	24
tt2888046	23
tt2884206	26
tt2883434	3
tt2876428	68
tt2872732	76
tt2872724	47
tt2872718	8
tt2870708	4
tt2870612	29
tt2869728	31
tt2866824	3
tt2852376	64
tt2848292	31
tt2837336	37
tt2828996	13
tt2825768	12
tt2820852	32
tt2814362	66
tt2802850	8
tt2800038	1
tt2796678	31
tt2788732	43
tt2788710	31
tt2784678	33
tt2780714	12
tt2768766	23
tt2761578	44
tt2752772	29
tt2752758	9
tt2752688	56
tt2739338	63
tt2726560	26
tt2724064	36
tt2723576	68
tt2722786	18
tt2719848	23
tt2718492	68
tt2717822	46
tt2713180	21
tt2709768	11
tt2702724	31
tt2692250	69
tt2690560	4
tt2674426	71
tt2668134	18
tt2667960	2
tt2660888	24
tt2655734	68
tt2654360	12
tt2649554	7
tt2647544	37
tt2645670	34
tt2640460	23
tt2638144	3
tt2637294	31
tt2637276	31
tt2631186	73
tt2628316	63
tt2622294	36
tt2609912	31
tt2609758	4
tt2598580	38
tt2584018	55
tt2582846	26
tt2582802	3
tt2577172	53
tt2567026	43
tt2562232	14
tt2561572	40
tt2559658	12
tt2557490	31
tt2556874	27
tt2555736	27
tt2553908	21
tt2521668	22
tt2515086	59
tt2515034	46
tt2515030	25
tt2510894	10
tt2505294	3
tt2503954	46
tt2503944	4
tt2494384	68
tt2486682	68
tt2479800	3
tt2479478	31
tt2475846	69
tt2474024	14
tt2473794	23
tt2473682	47
tt2473602	49
tt2467046	37
tt2465146	14
tt2460506	41
tt2452042	11
tt2446980	4
tt2446502	31
tt2446042	17
tt2442662	47
tt2436386	15
tt2431286	23
tt2417650	31
tt2414822	2
tt2414046	68
tt2404463	62
tt2404425	23
tt2404233	70
tt2403815	12
tt2403415	31
tt2403393	23
tt2403021	36
tt2402157	32
tt2402105	27
tt2401878	14
tt2398249	31
tt2398231	3
tt2397255	44
tt2396566	59
tt2395427	16
tt2395247	33
tt2390361	14
tt2389182	8
tt2388715	9
tt2388621	3
tt2387559	4
tt2382396	3
tt2381991	70
tt2381941	14
tt2381249	35
tt2381111	71
tt2380301	58
tt2379713	35
tt2379386	5
tt2378281	68
tt2377322	29
tt2375605	23
tt2375036	33
tt2369135	44
tt2368645	26
tt2364841	32
tt2363439	47
tt2361700	23
tt2361509	4
tt2359024	8
tt2358925	31
tt2358891	68
tt2357291	67
tt2355844	37
tt2350496	2
tt2349460	3
tt2347569	14
tt2343473	58
tt2334896	25
tt2334879	58
tt2334873	3
tt2334649	26
tt2333784	24
tt2328813	68
tt2325977	7
tt2322441	26
tt2321163	68
tt2319456	24
tt2318092	26
tt2317796	37
tt2312718	44
tt2311428	77
tt2310332	48
tt2309788	12
tt2309260	47
tt2305051	56
tt2304933	24
tt2304771	23
tt2302755	0
tt2295722	70
tt2294916	12
tt2294629	67
tt2294449	62
tt2293640	11
tt2292959	58
tt2290113	33
tt2281587	69
tt2279373	11
tt2279339	31
tt2278388	4
tt2275671	64
tt2271563	68
tt2268016	4
tt2267998	46
tt2267968	11
tt2265398	14
tt2263814	17
tt2262227	11
tt2249221	25
tt2248739	71
tt2247692	12
tt2247476	60
tt2246526	12
tt2245084	11
tt2243973	46
tt2243621	18
tt2243537	13
tt2241676	71
tt2241351	8
tt2239832	33
tt2234155	31
tt2234025	31
tt2231253	44
tt2229499	14
tt2229377	17
tt2226519	17
tt2226417	47
tt2224026	11
tt2223990	60
tt2215719	59
tt2215673	3
tt2215285	4
tt2209764	51
tt2209418	26
tt2205401	58
tt2203939	33
tt2199571	44
tt2199543	68
tt2194499	71
tt2193215	8
tt2191701	31
tt2190180	77
tt2189221	1
tt2187884	20
tt2184339	15
tt2183034	28
tt2182972	3
tt2181837	12
tt2180411	48
tt2180333	52
tt2179136	21
tt2178470	42
tt2177771	3
tt2176013	2
tt2172935	59
tt2172934	58
tt2170593	4
tt2170439	40
tt2170299	4
tt2167202	32
tt2166834	32
tt2166214	45
tt2165765	36
tt2164708	15
tt2149137	36
tt2147225	30
tt2141739	12
tt2140379	77
tt2140373	49
tt2140037	3
tt2139721	12
tt2126362	53
tt2126355	19
tt2125435	3
tt2125430	3
tt2120120	34
tt2113659	14
tt2112277	44
tt2112209	33
tt2111292	0
tt2109248	16
tt2109184	36
tt2107644	47
tt2106476	68
tt2106361	0
tt2103281	16
tt2103267	2
tt2103254	31
tt2103217	17
tt2102502	72
tt2101441	41
tt2101341	44
tt2100573	36
tt2099556	53
tt2097307	33
tt2097298	56
tt2096673	11
tt2096672	31
tt2095649	2
tt2091473	3
tt2091427	68
tt2084970	63
tt2083383	60
tt2083355	4
tt2081194	31
tt2080374	23
tt2076220	66
tt2071645	46
tt2070791	16
tt2070597	14
tt2058673	32
tt2058107	2
tt2053463	8
tt2051894	60
tt2049518	47
tt2049116	25
tt2048865	17
tt2042568	3
tt2040578	45
tt2039393	8
tt2035599	12
tt2034139	22
tt2025690	58
tt2024544	56
tt2024506	4
tt2024469	51
tt2024432	40
tt2023587	53
tt2023453	38
tt2017486	68
tt2017038	73
tt2017020	11
tt2016335	4
tt2015381	16
tt2011276	17
tt2011159	32
tt2006295	23
tt2005374	46
tt2004420	31
tt2002718	54
tt1999192	31
tt1996264	31
tt1995477	33
tt1995390	17
tt1991245	29
tt1990314	1
tt1989646	4
tt1986843	33
tt1986770	33
tt1985966	10
tt1985949	11
tt1985017	1
tt1981703	12
tt1981677	33
tt1981115	70
tt1981107	73
tt1980929	3
tt1980209	4
tt1979388	11
tt1979320	23
tt1976608	12
tt1976009	15
tt1974419	17
tt1972779	26
tt1972571	25
tt1971352	8
tt1971325	76
tt1967545	3
tt1964418	16
tt1959490	73
tt1958961	64
tt1958007	37
tt1956620	31
tt1951266	16
tt1951265	24
tt1951264	24
tt1951181	26
tt1946381	0
tt1945044	29
tt1943014	36
tt1942884	12
tt1939659	20
tt1937264	71
tt1935902	13
tt1935179	3
tt1934172	60
tt1931533	45
tt1931435	31
tt1930294	47
tt1929263	56
tt1924435	31
tt1924429	51
tt1924396	64
tt1922777	9
tt1922679	30
tt1922612	59
tt1921149	51
tt1921064	73
tt1920849	33
tt1915581	4
tt1913166	47
tt1911658	11
tt1911644	32
tt1907668	58
tt1907639	3
tt1904996	32
tt1899353	30
tt1895587	39
tt1885265	14
tt1884318	31
tt1881002	3
tt1880418	4
tt1879030	66
tt1877832	5
tt1876517	11
tt1876451	3
tt1874789	31
tt1872194	41
tt1872181	70
tt1870529	3
tt1869716	63
tt1869425	3
tt1866249	14
tt1865346	31
tt1862079	14
tt1861343	41
tt1860353	11
tt1860213	31
tt1859650	33
tt1855401	31
tt1855325	76
tt1855199	8
tt1854582	36
tt1854564	43
tt1853728	3
tt1852001	66
tt1850418	49
tt1844203	7
tt1843866	16
tt1841642	47
tt1840417	37
tt1840309	16
tt1838722	61
tt1837709	78
tt1837703	56
tt1836212	15
tt1832382	68
tt1828327	31
tt1826590	33
tt1823672	44
tt1823664	55
tt1821694	54
tt1821658	11
tt1821549	4
tt1817273	8
tt1816518	66
tt1815862	16
tt1814621	14
tt1810683	68
tt1809398	56
tt1800741	75
tt1800337	51
tt1800246	33
tt1800241	41
tt1799508	29
tt1798709	26
tt1798684	60
tt1798291	3
tt1798243	4
tt1792647	13
tt1791682	4
tt1791528	14
tt1790886	31
tt1790885	58
tt1790864	77
tt1788391	61
tt1781922	0
tt1781784	12
tt1781769	71
tt1778304	36
tt1772422	45
tt1772408	58
tt1772341	11
tt1772288	4
tt1772261	37
tt1772240	29
tt1772230	50
tt1767382	22
tt1764651	24
tt1764234	32
tt1764183	58
tt1762399	18
tt1758830	31
tt1758795	33
tt1758692	26
tt1758575	4
tt1756851	74
tt1754656	18
tt1754633	13
tt1754264	60
tt1753460	26
tt1748227	47
tt1748207	37
tt1748179	7
tt1748122	14
tt1747958	25
tt1743993	61
tt1743720	31
tt1742650	33
tt1742336	4
tt1742334	44
tt1742044	49
tt1741273	46
tt1740707	74
tt1735898	70
tt1734586	17
tt1731697	47
tt1731141	34
tt1730687	14
tt1727388	4
tt1726669	8
tt1726592	51
tt1726589	31
tt1723811	63
tt1723121	40
tt1720182	3
tt1719071	4
tt1716760	36
tt1714210	71
tt1714209	26
tt1714206	14
tt1714204	46
tt1712261	44
tt1712170	32
tt1711425	31
tt1710396	31
tt1709143	61
tt1707386	26
tt1706620	76
tt1706593	15
tt1704573	4
tt1703199	53
tt1702455	3
tt1702443	59
tt1702439	26
tt1702425	31
tt1701990	79
tt1700841	48
tt1699755	33
tt1698641	38
tt1695994	31
tt1694021	47
tt1694020	4
tt1692486	66
tt1692084	31
tt1690953	11
tt1687901	61
tt1684628	66
tt1682180	63
tt1681370	0
tt1679332	61
tt1679248	14
tt1675192	58
tt1673434	78
tt1670345	77
tt1668200	66
tt1667889	11
tt1667353	69
tt1667310	8
tt1667307	14
tt1666801	31
tt1666335	17
tt1666186	31
tt1663662	16
tt1663628	55
tt1663202	19
tt1663143	31
tt1661420	66
tt1661382	6
tt1661199	78
tt1659337	26
tt1658801	26
tt1657507	30
tt1656190	32
tt1656186	44
tt1655460	31
tt1655442	66
tt1655441	78
tt1655420	23
tt1653911	66
tt1653002	4
tt1650554	62
tt1650062	77
tt1650043	38
tt1649419	7
tt1648179	6
tt1647668	56
tt1646987	70
tt1646974	66
tt1646971	11
tt1645170	33
tt1645089	12
tt1645080	26
tt1641841	30
tt1641388	17
tt1640714	55
tt1640484	4
tt1640459	52
tt1639397	4
tt1638355	72
tt1637725	13
tt1637706	4
tt1637688	24
tt1636826	40
tt1634122	62
tt1634003	18
tt1633356	47
tt1632708	33
tt1631867	16
tt1631707	77
tt1630036	3
tt1629757	56
tt1629705	73
tt1628841	16
tt1625346	4
tt1623288	11
tt1623205	43
tt1622979	36
tt1622547	62
tt1621045	33
tt1621039	11
tt1620449	11
tt1618442	70
tt1618430	30
tt1617661	16
tt1616195	39
tt1615918	11
tt1615147	56
tt1615065	8
tt1614989	25
tt1612774	74
tt1612319	36
tt1611224	20
tt1610996	9
tt1608290	31
tt1606829	12
tt1606389	26
tt1606378	0
tt1605783	33
tt1605630	31
tt1604171	4
tt1602620	66
tt1602613	64
tt1602098	63
tt1601913	19
tt1600195	77
tt1599348	32
tt1598828	54
tt1598822	33
tt1598778	58
tt1596365	61
tt1596363	56
tt1596350	33
tt1596346	56
tt1596343	32
tt1594562	36
tt1592873	14
tt1592525	76
tt1592154	44
tt1591479	19
tt1591095	29
tt1588337	66
tt1588334	4
tt1588173	33
tt1587310	43
tt1586752	39
tt1586265	14
tt1584131	45
tt1583421	24
tt1583420	14
tt1582507	7
tt1578275	4
tt1575694	0
tt1573072	45
tt1572315	47
tt1571249	4
tt1571222	23
tt1570989	14
tt1570728	14
tt1568911	3
tt1568346	46
tt1568341	46
tt1568338	32
tt1568139	68
tt1566501	21
tt1564585	24
tt1564367	33
tt1564349	55
tt1563738	26
tt1562847	3
tt1562568	3
tt1560985	36
tt1560957	12
tt1560747	3
tt1559547	78
tt1555064	68
tt1554921	63
tt1554091	26
tt1551641	23
tt1549920	32
tt1549572	26
tt1547234	32
tt1547090	31
tt1545106	33
tt1544600	3
tt1542344	19
tt1541995	50
tt1540133	40
tt1540128	65
tt1538403	9
tt1536044	36
tt1535616	7
tt1535612	8
tt1535438	14
tt1535109	56
tt1535108	58
tt1534085	17
tt1532958	3
tt1532957	68
tt1532503	14
tt1531663	4
tt1529572	8
tt1529567	12
tt1528854	38
tt1528100	73
tt1527186	68
tt1525366	61
tt1524930	31
tt1524575	47
tt1524137	44
tt1521197	63
tt1520498	43
tt1519461	15
tt1518812	3
tt1517489	28
tt1517260	24
tt1517177	42
tt1515091	32
tt1512235	4
tt1510934	12
tt1509803	42
tt1509767	73
tt1508675	68
tt1506999	17
tt1504320	23
tt1502712	16
tt1502404	0
tt1499658	40
tt1498870	31
tt1496025	20
tt1491044	39
tt1490017	11
tt1489889	62
tt1489167	27
tt1488555	13
tt1488181	11
tt1487931	18
tt1486193	21
tt1486192	77
tt1486185	29
tt1484522	12
tt1483013	16
tt1480658	53
tt1478964	76
tt1478338	33
tt1477837	31
tt1477715	59
tt1477109	73
tt1477076	53
tt1474684	51
tt1470827	63
tt1470023	33
tt1470020	3
tt1465522	53
tt1464580	79
tt1464540	24
tt1464174	62
tt1462901	4
tt1462900	23
tt1462769	10
tt1462758	7
tt1462054	55
tt1462041	37
tt1460798	18
tt1460743	50
tt1458175	8
tt1457767	29
tt1457765	37
tt1454468	63
tt1454029	3
tt1453405	11
tt1450328	55
tt1449283	67
tt1448755	30
tt1446714	16
tt1446192	18
tt1442449	73
tt1441951	27
tt1441395	61
tt1441326	37
tt1440728	8
tt1440292	42
tt1440232	66
tt1440129	24
tt1438254	78
tt1438176	31
tt1438173	76
tt1437358	7
tt1436562	67
tt1434447	68
tt1433822	47
tt1433108	44
tt1431181	27
tt1431045	28
tt1430626	11
tt1430615	26
tt1430612	30
tt1430607	57
tt1430132	24
tt1428556	68
tt1428538	20
tt1425922	55
tt1424381	24
tt1423995	58
tt1423894	68
tt1422136	35
tt1421051	4
tt1418646	21
tt1418377	76
tt1415283	57
tt1414382	38
tt1414378	73
tt1414361	31
tt1412386	27
tt1411704	11
tt1411697	31
tt1411664	31
tt1411250	24
tt1411238	33
tt1410063	21
tt1409024	28
tt1408253	62
tt1408101	16
tt1407061	65
tt1405810	42
tt1405500	3
tt1405365	14
tt1403981	26
tt1403865	3
tt1403241	36
tt1403177	3
tt1403130	50
tt1402488	67
tt1401152	51
tt1399683	3
tt1399103	16
tt1398426	39
tt1397514	28
tt1397280	30
tt1396218	10
tt1392214	46
tt1392197	38
tt1392190	76
tt1392170	19
tt1391137	14
tt1390539	57
tt1390411	19
tt1389137	55
tt1386697	28
tt1386588	62
tt1385912	4
tt1385867	62
tt1385826	15
tt1379182	7
tt1376213	57
tt1376195	68
tt1375670	31
tt1375666	24
tt1374989	36
tt1372686	63
tt1371155	23
tt1371150	4
tt1371111	68
tt1366365	0
tt1366344	31
tt1366312	42
tt1361313	31
tt1360826	68
tt1355683	39
tt1355631	25
tt1355630	75
tt1352824	37
tt1351685	48
tt1349485	4
tt1349478	17
tt1346961	2
tt1345836	0
tt1343727	34
tt1343092	2
tt1341188	14
tt1341167	27
tt1340800	22
tt1340138	16
tt1337057	52
tt1336617	14
tt1336608	14
tt1335975	70
tt1334553	40
tt1334260	71
tt1333668	12
tt1333125	31
tt1327773	56
tt1327601	37
tt1327194	26
tt1325004	78
tt1323594	11
tt1322312	33
tt1322269	3
tt1321870	44
tt1321869	73
tt1321865	25
tt1321860	3
tt1320291	17
tt1320261	69
tt1320253	24
tt1320244	22
tt1319716	42
tt1319598	31
tt1318514	58
tt1316616	68
tt1316536	17
tt1315981	26
tt1314655	29
tt1314228	14
tt1314190	3
tt1311067	36
tt1308729	0
tt1307926	3
tt1307068	14
tt1306980	14
tt1305806	7
tt1305591	11
tt1305583	33
tt1303828	64
tt1303803	31
tt1302067	11
tt1302011	11
tt1301130	59
tt1300854	16
tt1300851	32
tt1298650	70
tt1298649	34
tt1296373	31
tt1294226	75
tt1294213	14
tt1294164	12
tt1294161	3
tt1292566	33
tt1291652	30
tt1291584	60
tt1291150	28
tt1289406	30
tt1289401	34
tt1288558	36
tt1287468	10
tt1286537	12
tt1285309	4
tt1285016	56
tt1284575	31
tt1282140	33
tt1282046	21
tt1281374	37
tt1279935	54
tt1278340	53
tt1277953	11
tt1276105	4
tt1276104	44
tt1274586	7
tt1274300	14
tt1273678	38
tt1272886	4
tt1272878	54
tt1272051	11
tt1270798	16
tt1270792	3
tt1270761	47
tt1270286	3
tt1270262	7
tt1268799	31
tt1267297	70
tt1266029	23
tt1265990	47
tt1264904	38
tt1263670	75
tt1262981	4
tt1262416	9
tt1261945	14
tt1259574	51
tt1259571	78
tt1259521	29
tt1258972	0
tt1258197	51
tt1255953	68
tt1253864	78
tt1253863	21
tt1252374	38
tt1252289	45
tt1251743	58
tt1250777	45
tt1247662	33
tt1247644	26
tt1245526	54
tt1245492	13
tt1245112	36
tt1244668	68
tt1244659	3
tt1243974	14
tt1243957	0
tt1242460	63
tt1242432	47
tt1241226	17
tt1240982	48
tt1239462	11
tt1238834	71
tt1236254	47
tt1235811	36
tt1235796	2
tt1235522	8
tt1235189	45
tt1234721	32
tt1234548	31
tt1233301	73
tt1233227	53
tt1233192	25
tt1232829	62
tt1232783	9
tt1232776	63
tt1232207	12
tt1232200	31
tt1231587	31
tt1231583	4
tt1231580	10
tt1230414	14
tt1230204	18
tt1229340	31
tt1229238	24
tt1228987	61
tt1228705	16
tt1227378	12
tt1226753	58
tt1226681	53
tt1226273	51
tt1226271	23
tt1226236	2
tt1226232	26
tt1226229	31
tt1225822	33
tt1224378	48
tt1222817	38
tt1220911	11
tt1220634	76
tt1220628	31
tt1220617	45
tt1220220	4
tt1220217	70
tt1220198	77
tt1219342	43
tt1217613	34
tt1217209	11
tt1216520	2
tt1216492	33
tt1216491	46
tt1216475	11
tt1213663	45
tt1213644	31
tt1213012	11
tt1212436	33
tt1212419	3
tt1212022	31
tt1211956	32
tt1211890	3
tt1210819	70
tt1210166	56
tt1210071	40
tt1210042	8
tt1210039	3
tt1206543	8
tt1205537	58
tt1205489	3
tt1204977	20
tt1204975	33
tt1204342	69
tt1201167	4
tt1198101	2
tt1197628	4
tt1197624	8
tt1196141	38
tt1195478	33
tt1194417	64
tt1194263	3
tt1194173	24
tt1193631	75
tt1193138	26
tt1192628	11
tt1191111	66
tt1190617	13
tt1190080	16
tt1189340	8
tt1188996	7
tt1188729	76
tt1187064	51
tt1186830	2
tt1186367	32
tt1185836	26
tt1185616	21
tt1185344	3
tt1185266	53
tt1183923	63
tt1183672	66
tt1182350	14
tt1182345	63
tt1179933	37
tt1179904	36
tt1179891	47
tt1179258	42
tt1179034	17
tt1178663	33
tt1176740	14
tt1175709	46
tt1175506	63
tt1175491	56
tt1174732	63
tt1174730	4
tt1172994	36
tt1172570	23
tt1172233	60
tt1171222	31
tt1170358	48
tt1164999	68
tt1161864	37
tt1161418	28
tt1160368	32
tt1156398	28
tt1156143	66
tt1155592	23
tt1155056	33
tt1153706	31
tt1153040	30
tt1152850	3
tt1152836	39
tt1152827	15
tt1152822	12
tt1152398	78
tt1151922	33
tt1151410	3
tt1150947	26
tt1149362	68
tt1149361	62
tt1148204	29
tt1148200	47
tt1148165	68
tt1147687	79
tt1147684	47
tt1144884	36
tt1142988	33
tt1142977	11
tt1142800	4
tt1142433	33
tt1139668	37
tt1139328	22
tt1137470	33
tt1136608	76
tt1135985	33
tt1135503	26
tt1135487	54
tt1135084	32
tt1134854	36
tt1134674	79
tt1134666	31
tt1133985	16
tt1132626	9
tt1131734	74
tt1131729	27
tt1130964	56
tt1130884	77
tt1130087	33
tt1130080	8
tt1129423	26
tt1128071	68
tt1127896	4
tt1127180	47
tt1126618	14
tt1126591	75
tt1126590	39
tt1125929	65
tt1125849	60
tt1124052	21
tt1124037	21
tt1124035	3
tt1121977	26
tt1121931	32
tt1121096	70
tt1120985	26
tt1119646	31
tt1116184	31
tt1114740	62
tt1114677	55
tt1111948	4
tt1111422	32
tt1109624	57
tt1106860	40
tt1105512	3
tt1104733	31
tt1104001	16
tt1103275	26
tt1103153	54
tt1100119	10
tt1099212	78
tt1098327	5
tt1097643	63
tt1097013	62
tt1095423	28
tt1095217	41
tt1095174	33
tt1093357	24
tt1092633	31
tt1092082	21
tt1092026	28
tt1091751	55
tt1091722	14
tt1091191	58
tt1090671	47
tt1087527	3
tt1086841	17
tt1086772	33
tt1085779	48
tt1085492	0
tt1085382	41
tt1084950	26
tt1083452	27
tt1082886	14
tt1082868	15
tt1080016	11
tt1079444	4
tt1078940	31
tt1078912	69
tt1078588	3
tt1077368	74
tt1077262	64
tt1075747	58
tt1075419	30
tt1075417	5
tt1074638	35
tt1074191	46
tt1073498	31
tt1073221	3
tt1071875	0
tt1071812	2
tt1071804	1
tt1070781	31
tt1068680	33
tt1068678	26
tt1068646	66
tt1067774	69
tt1067583	26
tt1067106	18
tt1065073	3
tt1064932	33
tt1063669	7
tt1060277	16
tt1059786	77
tt1058017	33
tt1057500	56
tt1056477	3
tt1055369	16
tt1054606	57
tt1054588	56
tt1053810	31
tt1053424	32
tt1051904	69
tt1050739	38
tt1049413	11
tt1049405	42
tt1047540	38
tt1046997	44
tt1046173	24
tt1046163	33
tt1045778	31
tt1045772	66
tt1045658	14
tt1045655	47
tt1043726	70
tt1042877	49
tt1041829	14
tt1041804	57
tt1038988	36
tt1038919	33
tt1038686	20
tt1037705	19
tt1035736	66
tt1034331	46
tt1034324	60
tt1034302	63
tt1034032	24
tt1033643	33
tt1033575	4
tt1032846	68
tt1032815	53
tt1032755	30
tt1032751	70
tt1031969	31
tt1028576	56
tt1028532	55
tt1027862	4
tt1027718	3
tt1024744	17
tt1024715	4
tt1024648	56
tt1023481	75
tt1023111	60
tt1022603	14
tt1020885	45
tt1020558	35
tt1020530	61
tt1020072	23
tt1019452	4
tt1018785	55
tt1018765	4
tt1017460	53
tt1017451	49
tt1016075	14
tt1015474	47
tt1015471	37
tt1014806	3
tt1014775	69
tt1014774	68
tt1014763	25
tt1014759	43
tt1013860	54
tt1013753	56
tt1013743	33
tt1012804	60
tt1010048	71
tt1007029	23
tt1007028	33
tt1007018	4
tt1003034	30
tt1002563	3
tt1002561	47
tt1001562	40
tt1001526	11
tt1001508	14
tt0999913	58
tt0997143	36
tt0996382	12
tt0995039	14
tt0993846	39
tt0993842	58
tt0990407	54
tt0989757	26
tt0988849	25
tt0988595	33
tt0988045	32
tt0986263	24
tt0985699	21
tt0985694	32
tt0983983	45
tt0983193	43
tt0981227	14
tt0981072	4
tt0980970	43
tt0979434	31
tt0978764	70
tt0978759	41
tt0977855	56
tt0976247	31
tt0976238	38
tt0976222	55
tt0976051	26
tt0976025	31
tt0974661	55
tt0972558	16
tt0971209	77
tt0970866	33
tt0970416	15
tt0970411	43
tt0970179	69
tt0968264	41
tt0964587	45
tt0964539	47
tt0964517	56
tt0964179	75
tt0963966	43
tt0963794	36
tt0963194	79
tt0963178	46
tt0962736	23
tt0962726	55
tt0961097	11
tt0960731	10
tt0960144	31
tt0959337	26
tt0959329	46
tt0955308	73
tt0954990	26
tt0954947	8
tt0952682	58
tt0952640	10
tt0951216	40
tt0949731	15
tt0948470	70
tt0947810	30
tt0947802	8
tt0947798	58
tt0945513	77
tt0944835	32
tt0944834	18
tt0944101	14
tt0942903	70
tt0942385	31
tt0940709	38
tt0940585	63
tt0938330	22
tt0938305	40
tt0938283	43
tt0937375	14
tt0937237	32
tt0936501	17
tt0935075	3
tt0929632	3
tt0926129	9
tt0925248	12
tt0923653	79
tt0923600	14
tt0920458	21
tt0918940	73
tt0918927	3
tt0914798	63
tt0914797	4
tt0913968	21
tt0913354	32
tt0912593	12
tt0910970	18
tt0910936	62
tt0907657	75
tt0906108	4
tt0903624	48
tt0903131	53
tt0901487	72
tt0901476	33
tt0899106	26
tt0898367	3
tt0896923	26
tt0896866	12
tt0893382	59
tt0893346	33
tt0892791	11
tt0892782	11
tt0892769	18
tt0892375	59
tt0892318	14
tt0891592	52
tt0891527	58
tt0890870	9
tt0889588	68
tt0889583	31
tt0889573	14
tt0887912	21
tt0887883	4
tt0887719	33
tt0884726	67
tt0884328	36
tt0884224	54
tt0882978	50
tt0882977	58
tt0881891	33
tt0881320	19
tt0880578	8
tt0879870	26
tt0878835	4
tt0878804	56
tt0876563	18
tt0875034	26
tt0874936	41
tt0873886	32
tt0872230	29
tt0871426	33
tt0870118	3
tt0870111	3
tt0866439	33
tt0865559	33
tt0865556	70
tt0865554	25
tt0864835	11
tt0864761	23
tt0862846	4
tt0861739	30
tt0861689	7
tt0859163	5
tt0857295	47
tt0857190	64
tt0854678	12
tt0852713	33
tt0851515	72
tt0850669	12
tt0850667	68
tt0848557	36
tt0848537	18
tt0848228	16
tt0846308	55
tt0844993	11
tt0844708	47
tt0844671	31
tt0844471	11
tt0844286	14
tt0843850	31
tt0843358	3
tt0843270	40
tt0842926	4
tt0841119	12
tt0841046	31
tt0840361	8
tt0839980	6
tt0839938	64
tt0838283	31
tt0838247	37
tt0837562	10
tt0837106	73
tt0834001	5
tt0833553	38
tt0832266	42
tt0831887	32
tt0830900	3
tt0830515	35
tt0829482	31
tt0829459	21
tt0829150	20
tt0829098	23
tt0825728	58
tt0825346	33
tt0825236	66
tt0825232	4
tt0824758	2
tt0824747	46
tt0822858	47
tt0822854	46
tt0822847	5
tt0822832	55
tt0821642	23
tt0817538	4
tt0817230	33
tt0817177	14
tt0816711	24
tt0816692	1
tt0816556	7
tt0816539	53
tt0816442	3
tt0815244	33
tt0815241	12
tt0815236	33
tt0815181	12
tt0815178	37
tt0814335	32
tt0814314	26
tt0814255	57
tt0814130	65
tt0814022	32
tt0813715	1
tt0811138	65
tt0811106	33
tt0811080	60
tt0810928	3
tt0810922	14
tt0810913	31
tt0810900	55
tt0810784	71
tt0808526	4
tt0808417	66
tt0808285	68
tt0808279	8
tt0808244	45
tt0808151	77
tt0806203	15
tt0806147	31
tt0805570	9
tt0805564	14
tt0805526	60
tt0804529	15
tt0804522	58
tt0804505	41
tt0804497	14
tt0804461	32
tt0803096	70
tt0803061	55
tt0800369	70
tt0800320	70
tt0800308	41
tt0800241	46
tt0800080	16
tt0800069	36
tt0800039	14
tt0799949	31
tt0799934	45
tt0796375	54
tt0796366	16
tt0796355	44
tt0796335	66
tt0796314	53
tt0796307	68
tt0796264	1
tt0796212	30
tt0795461	31
tt0795441	21
tt0795438	26
tt0795434	42
tt0795421	38
tt0795368	31
tt0795351	29
tt0791304	4
tt0790772	33
tt0790736	13
tt0790724	32
tt0790712	26
tt0790686	9
tt0790636	56
tt0790628	31
tt0790604	38
tt0787475	31
tt0787474	11
tt0785077	6
tt0785035	0
tt0785007	33
tt0785006	38
tt0784972	31
tt0783532	64
tt0783238	41
tt0783233	71
tt0780653	47
tt0780622	74
tt0780567	10
tt0780536	27
tt0780521	67
tt0780511	3
tt0780504	41
tt0775552	28
tt0775539	75
tt0775529	4
tt0770828	70
tt0770810	68
tt0770802	59
tt0770772	14
tt0770752	72
tt0770703	33
tt0765476	28
tt0765446	11
tt0765443	77
tt0765432	64
tt0765429	39
tt0765128	66
tt0765120	2
tt0765010	58
tt0763831	4
tt0763304	11
tt0762125	11
tt0762121	55
tt0762114	33
tt0758794	60
tt0758774	58
tt0758766	33
tt0758758	56
tt0758752	14
tt0758745	60
tt0758730	15
tt0756683	26
tt0499556	32
tt0499554	40
tt0499549	70
tt0499448	43
tt0498399	8
tt0498380	21
tt0498353	36
tt0497465	2
tt0497116	12
tt0496806	32
tt0496436	47
tt0494652	14
tt0494238	57
tt0493949	69
tt0493464	32
tt0493430	31
tt0493264	73
tt0492956	38
tt0492506	12
tt0492389	38
tt0491738	40
tt0491152	14
tt0491109	14
tt0490204	3
tt0490196	31
tt0490166	25
tt0490084	33
tt0490076	36
tt0489664	25
tt0489282	31
tt0489281	3
tt0489270	9
tt0489247	12
tt0489235	13
tt0489212	31
tt0489099	24
tt0489037	12
tt0488873	12
tt0488658	69
tt0488604	51
tt0488539	31
tt0488352	58
tt0487156	68
tt0486946	72
tt0486822	37
tt0486751	66
tt0486674	4
tt0486655	57
tt0486576	24
tt0486551	31
tt0486541	59
tt0486028	7
tt0485985	21
tt0485601	18
tt0484740	26
tt0484111	14
tt0483726	14
tt0483607	76
tt0482629	55
tt0482603	11
tt0482599	29
tt0482572	8
tt0482571	37
tt0482546	71
tt0482463	26
tt0482461	14
tt0481536	31
tt0481499	11
tt0481369	77
tt0481141	14
tt0480687	33
tt0480669	61
tt0480255	46
tt0480251	33
tt0480249	79
tt0480025	64
tt0480011	17
tt0479968	9
tt0479952	11
tt0479884	32
tt0479647	52
tt0479500	38
tt0479341	68
tt0479162	1
tt0479143	60
tt0478988	29
tt0478970	28
tt0478311	33
tt0478304	3
tt0478134	46
tt0478087	8
tt0477348	8
tt0477347	43
tt0477302	3
tt0477139	14
tt0477080	0
tt0477071	37
tt0476643	42
tt0475998	11
tt0475944	47
tt0475394	30
tt0475331	66
tt0475293	55
tt0475290	45
tt0475276	58
tt0475271	2
tt0474361	12
tt0473705	46
tt0473553	47
tt0473444	2
tt0473308	14
tt0473188	32
tt0473107	12
tt0473102	55
tt0473075	70
tt0473024	0
tt0472954	31
tt0472399	32
tt0472259	8
tt0472200	3
tt0472181	11
tt0472062	56
tt0472043	19
tt0472033	24
tt0471042	62
tt0470869	33
tt0470765	31
tt0470752	51
tt0469903	56
tt0469690	31
tt0469641	58
tt0469640	23
tt0469623	3
tt0469494	3
tt0469263	1
tt0468569	44
tt0468565	64
tt0468526	3
tt0468492	1
tt0468489	3
tt0468442	12
tt0467406	14
tt0467200	23
tt0467197	52
tt0466893	3
tt0466856	14
tt0466342	33
tt0465624	33
tt0465551	25
tt0465538	46
tt0465494	30
tt0465430	61
tt0465407	55
tt0465142	31
tt0464196	61
tt0464154	31
tt0464141	7
tt0464054	47
tt0464049	27
tt0463998	64
tt0463985	32
tt0463872	57
tt0463854	61
tt0463034	33
tt0462590	75
tt0462538	11
tt0462519	31
tt0462504	56
tt0462485	31
tt0462396	35
tt0462395	33
tt0462338	4
tt0462322	47
tt0462244	38
tt0462229	62
tt0462200	3
tt0461770	67
tt0461336	72
tt0460989	68
tt0460780	5
tt0460627	14
tt0460505	56
tt0459293	23
tt0458525	5
tt0458481	32
tt0458352	14
tt0458339	16
tt0458290	70
tt0457939	33
tt0457572	53
tt0457530	3
tt0457513	45
tt0457510	38
tt0457495	35
tt0457430	68
tt0457400	28
tt0457308	26
tt0456554	31
tt0456144	42
tt0455944	32
tt0455857	47
tt0455824	2
tt0455782	14
tt0455612	14
tt0455590	23
tt0455538	42
tt0455499	57
tt0455407	47
tt0455326	28
tt0454987	40
tt0454945	33
tt0454921	56
tt0454919	15
tt0454876	48
tt0454848	46
tt0454841	36
tt0454824	73
tt0454431	17
tt0454082	36
tt0453562	56
tt0453556	11
tt0453548	26
tt0453494	69
tt0453453	6
tt0453451	45
tt0452694	78
tt0452637	37
tt0452625	33
tt0452624	37
tt0452608	24
tt0452598	69
tt0452594	14
tt0451673	66
tt0451176	3
tt0451094	64
tt0450405	5
tt0450385	20
tt0450314	44
tt0450278	36
tt0450259	7
tt0450232	30
tt0449999	68
tt0449467	66
tt0449088	70
tt0449061	71
tt0449059	4
tt0449010	43
tt0449000	42
tt0448694	11
tt0448182	75
tt0448157	3
tt0448134	35
tt0448075	77
tt0448011	37
tt0446755	2
tt0446747	31
tt0446687	27
tt0446055	12
tt0446046	3
tt0446029	33
tt0445934	6
tt0445922	78
tt0444682	47
tt0443706	46
tt0443701	37
tt0443680	39
tt0443632	32
tt0443543	37
tt0443536	62
tt0443496	58
tt0443489	49
tt0443453	31
tt0443274	46
tt0443272	21
tt0442933	70
tt0441909	64
tt0441796	47
tt0441773	11
tt0441007	56
tt0440963	77
tt0439815	53
tt0439478	33
tt0439289	4
tt0438859	23
tt0438488	16
tt0438315	2
tt0438205	59
tt0438097	11
tt0437954	33
tt0437863	65
tt0437800	3
tt0437745	31
tt0437232	23
tt0437123	12
tt0436742	4
tt0436724	59
tt0436697	23
tt0436689	14
tt0436613	12
tt0436607	4
tt0436364	71
tt0436339	11
tt0436331	14
tt0435761	11
tt0435651	2
tt0435625	61
tt0435623	42
tt0434424	33
tt0434409	58
tt0434215	69
tt0433416	3
tt0433398	3
tt0433387	44
tt0433386	47
tt0433383	56
tt0433362	76
tt0433035	60
tt0432637	73
tt0432402	56
tt0432348	9
tt0432283	11
tt0432021	76
tt0431308	26
tt0431197	58
tt0431021	47
tt0430922	45
tt0430912	51
tt0430770	4
tt0430634	68
tt0430431	56
tt0430308	39
tt0430304	40
tt0430105	46
tt0429591	10
tt0429589	11
tt0429573	61
tt0428959	12
tt0428803	12
tt0428303	17
tt0427968	14
tt0427954	30
tt0427944	4
tt0427392	15
tt0427327	55
tt0427309	56
tt0427229	33
tt0427152	31
tt0426931	3
tt0426697	12
tt0426592	34
tt0426459	47
tt0425637	50
tt0425598	59
tt0425413	45
tt0425210	46
tt0425151	8
tt0425123	33
tt0425112	45
tt0425061	72
tt0425027	3
tt0424993	33
tt0424908	49
tt0424774	43
tt0424345	31
tt0424205	66
tt0424136	8
tt0424095	11
tt0423977	14
tt0423409	27
tt0423294	11
tt0423169	3
tt0422861	14
tt0422720	56
tt0422401	31
tt0422295	26
tt0422093	14
tt0421994	42
tt0421729	40
tt0421715	78
tt0421239	77
tt0421238	64
tt0421237	0
tt0421206	60
tt0421082	23
tt0421073	44
tt0421054	30
tt0420835	68
tt0420723	12
tt0420609	39
tt0420332	2
tt0420294	36
tt0420238	57
tt0420223	14
tt0420206	65
tt0420087	4
tt0419946	58
tt0419887	3
tt0419843	14
tt0419749	64
tt0419706	35
tt0419677	25
tt0419294	22
tt0419256	63
tt0418819	53
tt0418763	21
tt0418753	12
tt0418689	21
tt0418647	60
tt0418279	16
tt0417976	50
tt0417741	57
tt0417225	41
tt0417148	30
tt0417001	33
tt0416508	71
tt0416496	62
tt0416449	21
tt0416320	71
tt0416236	43
tt0416212	3
tt0416185	60
tt0416044	21
tt0415978	4
tt0415965	55
tt0415949	31
tt0415306	6
tt0414993	1
tt0414982	36
tt0414951	58
tt0414853	11
tt0414852	30
tt0414510	7
tt0414387	66
tt0414055	23
tt0413895	10
tt0413300	73
tt0413267	11
tt0413099	10
tt0413015	27
tt0412366	55
tt0412253	41
tt0412080	56
tt0411477	70
tt0411061	46
tt0410454	26
tt0410377	69
tt0410297	78
tt0410097	41
tt0409459	1
tt0409182	19
tt0408985	4
tt0408790	37
tt0408345	32
tt0408306	66
tt0407887	8
tt0407304	24
tt0407265	4
tt0407121	18
tt0406759	9
tt0406728	70
tt0406650	4
tt0406375	28
tt0405676	7
tt0405508	42
tt0405422	33
tt0405336	22
tt0405325	28
tt0405296	37
tt0405159	60
tt0405094	7
tt0404390	30
tt0404203	26
tt0404032	47
tt0403702	14
tt0403508	55
tt0403455	14
tt0403358	17
tt0403118	55
tt0403016	65
tt0402901	47
tt0402399	56
tt0402249	53
tt0402022	34
tt0401855	5
tt0401792	32
tt0401729	16
tt0401711	66
tt0401462	28
tt0401445	14
tt0401383	66
tt0400717	11
tt0400497	69
tt0399901	3
tt0399877	1
tt0399862	3
tt0399327	62
tt0399295	8
tt0399201	24
tt0399146	8
tt0399095	25
tt0398913	70
tt0398808	43
tt0398712	44
tt0398286	67
tt0398165	6
tt0398027	26
tt0398017	58
tt0397892	11
tt0397535	26
tt0397313	69
tt0397101	29
tt0397078	33
tt0397065	36
tt0397044	78
tt0396752	10
tt0396652	55
tt0396592	10
tt0396171	64
tt0396041	74
tt0395972	3
tt0395699	52
tt0395584	36
tt0395543	75
tt0395251	31
tt0395169	21
tt0395119	21
tt0393735	10
tt0393616	3
tt0393162	60
tt0393049	14
tt0391304	14
tt0391229	33
tt0391198	29
tt0390538	12
tt0390521	4
tt0390384	15
tt0390221	64
tt0389860	14
tt0389790	11
tt0389722	36
tt0389557	7
tt0389326	12
tt0389235	3
tt0388980	60
tt0388838	66
tt0388795	26
tt0388500	31
tt0388482	30
tt0388419	38
tt0388230	29
tt0388183	40
tt0388139	27
tt0387877	46
tt0387808	28
tt0387596	68
tt0387575	74
tt0387564	29
tt0387199	4
tt0387131	51
tt0386741	76
tt0386588	33
tt0386140	70
tt0386117	57
tt0386064	21
tt0386032	3
tt0385890	31
tt0385880	10
tt0385752	43
tt0385726	56
tt0385307	62
tt0385267	14
tt0385056	4
tt0385004	73
tt0384806	37
tt0384686	71
tt0384680	4
tt0384642	38
tt0384537	53
tt0384504	14
tt0384488	68
tt0384286	37
tt0383694	64
tt0383574	70
tt0383222	70
tt0383216	69
tt0383060	16
tt0383028	14
tt0383010	31
tt0382992	24
tt0382932	10
tt0382765	46
tt0382628	47
tt0382625	77
tt0382330	42
tt0382189	71
tt0382077	37
tt0381971	11
tt0381940	17
tt0381849	41
tt0381717	71
tt0381707	40
tt0381681	26
tt0381061	35
tt0380817	4
tt0380732	52
tt0380623	38
tt0380599	64
tt0380510	58
tt0380389	65
tt0380277	31
tt0379976	68
tt0379889	26
tt0379865	65
tt0379786	24
tt0379725	64
tt0379557	63
tt0378906	68
tt0378407	12
tt0378194	44
tt0378109	32
tt0377992	23
tt0377818	72
tt0377752	71
tt0377471	40
tt0377109	9
tt0377092	31
tt0377091	41
tt0377062	19
tt0377043	3
tt0376994	5
tt0376968	7
tt0376541	26
tt0376196	37
tt0376105	69
tt0375920	71
tt0375912	25
tt0375679	25
tt0375568	11
tt0375210	51
tt0375173	42
tt0375104	65
tt0375063	14
tt0374900	31
tt0374639	45
tt0374102	19
tt0374089	21
tt0373926	51
tt0373889	57
tt0373747	68
tt0373469	40
tt0373450	52
tt0373445	14
tt0373416	54
tt0373283	73
tt0373074	62
tt0373051	43
tt0373024	4
tt0372873	47
tt0372824	66
tt0372784	70
tt0372588	31
tt0372532	33
tt0372334	4
tt0372237	33
tt0372183	77
tt0371746	16
tt0371724	28
tt0371606	11
tt0371246	14
tt0370263	15
tt0370032	15
tt0369735	33
tt0369702	2
tt0369610	24
tt0369441	40
tt0369436	42
tt0369339	8
tt0369226	53
tt0368975	33
tt0368933	38
tt0368913	68
tt0368891	69
tt0368794	49
tt0368709	14
tt0368578	69
tt0368447	37
tt0368222	33
tt0368089	37
tt0368008	37
tt0367959	25
tt0367882	70
tt0367652	31
tt0367631	33
tt0367594	69
tt0367479	62
tt0367089	4
tt0367085	31
tt0367082	2
tt0367027	14
tt0366780	57
tt0366627	37
tt0366551	31
tt0366548	38
tt0366444	60
tt0366174	24
tt0365957	3
tt0365929	32
tt0365907	46
tt0365885	4
tt0365748	45
tt0365737	58
tt0365485	8
tt0364970	76
tt0364751	31
tt0364725	6
tt0364569	7
tt0363988	77
tt0363771	43
tt0363547	47
tt0363473	49
tt0363282	38
tt0363163	21
tt0363095	25
tt0362478	37
tt0362359	14
tt0362270	4
tt0362269	56
tt0362227	4
tt0362165	10
tt0362120	31
tt0361925	33
tt0361862	7
tt0361841	14
tt0361748	3
tt0361715	69
tt0361696	75
tt0361596	12
tt0361500	11
tt0361467	38
tt0361411	42
tt0361089	11
tt0360916	12
tt0360717	73
tt0360323	8
tt0360201	45
tt0360139	33
tt0359950	78
tt0359517	31
tt0359423	26
tt0359013	5
tt0358349	28
tt0358273	75
tt0358135	14
tt0358082	11
tt0357585	53
tt0357507	37
tt0357470	14
tt0357413	31
tt0357277	52
tt0357110	3
tt0357054	31
tt0356910	54
tt0356721	31
tt0356680	14
tt0356634	10
tt0356470	38
tt0356453	68
tt0356443	71
tt0356150	31
tt0355702	56
tt0355295	72
tt0354595	60
tt0352277	49
tt0352248	56
tt0351977	32
tt0351283	11
tt0350261	3
tt0350258	49
tt0350194	67
tt0350028	14
tt0349903	32
tt0349825	56
tt0349710	58
tt0349416	4
tt0349205	38
tt0349169	33
tt0349159	48
tt0348836	29
tt0348333	31
tt0348150	16
tt0348121	76
tt0347149	18
tt0346491	73
tt0346156	24
tt0345950	11
tt0345551	14
tt0345074	40
tt0345061	71
tt0344854	18
tt0344510	66
tt0343996	26
tt0343818	77
tt0343660	33
tt0343135	33
tt0343121	59
tt0342735	68
tt0342272	42
tt0342258	30
tt0341540	38
tt0340855	8
tt0340377	4
tt0340376	7
tt0340163	46
tt0340012	42
tt0339921	31
tt0339419	41
tt0339412	65
tt0339034	33
tt0338751	56
tt0338512	66
tt0338497	41
tt0338466	31
tt0338459	28
tt0338427	26
tt0338348	18
tt0338337	77
tt0338325	44
tt0338216	65
tt0338135	64
tt0338095	36
tt0338094	10
tt0338075	4
tt0338013	78
tt0337996	31
tt0337978	24
tt0337921	32
tt0337917	40
tt0337876	37
tt0337741	14
tt0337711	67
tt0337697	38
tt0337692	66
tt0337579	4
tt0337563	33
tt0335563	46
tt0335559	33
tt0335438	40
tt0335345	3
tt0335266	3
tt0335245	40
tt0335121	15
tt0335119	71
tt0333780	31
tt0333766	14
tt0332712	31
tt0332452	48
tt0332379	31
tt0332375	4
tt0332280	26
tt0332047	65
tt0331953	47
tt0331933	31
tt0331811	4
tt0331632	69
tt0331225	12
tt0330793	44
tt0330602	68
tt0330373	57
tt0330099	3
tt0329774	32
tt0329717	54
tt0329691	62
tt0329575	60
tt0329101	47
tt0329028	31
tt0328828	33
tt0328589	14
tt0328538	3
tt0328107	44
tt0328099	40
tt0327850	72
tt0327753	4
tt0327679	10
tt0327597	18
tt0327554	32
tt0327437	72
tt0327247	40
tt0327162	15
tt0327137	55
tt0327084	11
tt0327056	46
tt0327036	31
tt0326905	21
tt0326900	10
tt0326856	31
tt0326806	8
tt0325980	70
tt0325710	21
tt0325703	70
tt0325596	51
tt0325537	31
tt0325258	31
tt0324554	37
tt0324133	22
tt0324127	46
tt0323944	3
tt0323939	32
tt0323807	42
tt0323572	33
tt0323120	26
tt0323033	33
tt0322802	31
tt0322700	3
tt0322659	3
tt0322589	75
tt0322330	10
tt0322289	66
tt0322259	32
tt0320691	35
tt0320661	21
tt0320244	8
tt0319829	4
tt0319769	68
tt0319524	14
tt0319343	10
tt0319262	24
tt0319061	48
tt0318974	21
tt0318761	4
tt0318649	35
tt0318627	76
tt0318374	78
tt0318283	33
tt0318155	11
tt0318081	35
tt0317919	24
tt0317740	32
tt0317705	18
tt0317648	70
tt0317640	31
tt0317303	38
tt0317248	64
tt0317219	11
tt0317198	42
tt0317132	55
tt0316654	70
tt0316465	56
tt0316356	26
tt0316188	66
tt0315983	3
tt0315824	40
tt0315733	3
tt0315327	4
tt0314676	40
tt0314412	2
tt0314353	58
tt0314331	42
tt0314166	11
tt0313911	54
tt0313792	33
tt0313737	33
tt0313443	8
tt0313300	68
tt0313196	2
tt0313038	33
tt0312549	25
tt0312528	69
tt0312329	65
tt0312004	11
tt0311648	4
tt0311429	70
tt0311289	69
tt0311113	21
tt0310910	32
tt0310793	64
tt0310778	22
tt0310357	7
tt0310281	31
tt0309912	71
tt0309698	77
tt0309593	47
tt0309377	46
tt0308644	56
tt0308506	10
tt0308411	3
tt0308353	11
tt0308208	32
tt0308055	3
tt0307987	4
tt0307901	3
tt0307453	11
tt0307109	79
tt0306892	72
tt0306841	69
tt0306685	44
tt0306069	14
tt0306047	31
tt0305711	33
tt0305669	31
tt0305632	17
tt0305396	72
tt0305357	62
tt0305206	4
tt0304711	77
tt0304692	3
tt0304669	10
tt0304415	3
tt0304141	57
tt0303933	14
tt0303714	4
tt0303361	3
tt0303313	3
tt0302886	31
tt0302674	3
tt0301727	12
tt0301470	36
tt0301390	71
tt0301357	2
tt0301199	25
tt0300556	16
tt0300532	65
tt0300471	72
tt0300270	68
tt0300214	63
tt0300140	64
tt0300051	14
tt0299977	50
tt0299930	33
tt0299863	37
tt0299658	40
tt0299458	26
tt0299172	11
tt0298814	24
tt0298744	39
tt0298482	53
tt0298388	67
tt0298228	68
tt0298203	3
tt0298148	11
tt0298050	55
tt0297884	26
tt0297284	29
tt0297181	72
tt0297162	30
tt0297037	14
tt0296572	24
tt0296166	4
tt0295725	1
tt0295701	24
tt0295700	47
tt0295427	38
tt0295297	57
tt0295289	33
tt0295254	61
tt0295178	62
tt0294870	26
tt0294357	26
tt0293815	4
tt0293662	30
tt0293564	54
tt0293508	71
tt0293113	53
tt0292644	14
tt0291502	45
tt0291341	27
tt0290879	21
tt0290673	22
tt0290334	5
tt0290332	31
tt0290212	33
tt0290145	3
tt0290095	34
tt0290002	33
tt0289992	8
tt0289879	15
tt0289848	40
tt0289765	25
tt0289043	61
tt0288477	36
tt0288045	13
tt0287717	28
tt0286788	55
tt0286716	34
tt0286499	42
tt0286261	63
tt0286244	66
tt0286179	26
tt0286162	3
tt0286112	6
tt0286106	15
tt0285861	25
tt0285823	32
tt0285742	26
tt0285531	15
tt0285462	31
tt0284978	77
tt0284363	42
tt0283900	66
tt0283832	33
tt0283632	29
tt0283530	3
tt0283503	41
tt0283465	38
tt0283426	67
tt0283323	31
tt0283160	35
tt0283139	3
tt0283111	33
tt0283084	78
tt0283026	58
tt0283003	4
tt0282687	33
tt0282209	29
tt0282120	11
tt0281820	30
tt0281686	13
tt0281432	1
tt0281373	69
tt0281364	30
tt0281358	26
tt0281322	60
tt0280778	71
tt0280760	4
tt0280720	45
tt0280707	63
tt0280665	22
tt0280653	66
tt0280590	33
tt0280491	21
tt0280486	72
tt0280477	41
tt0280460	4
tt0280030	18
tt0279889	4
tt0279781	31
tt0279778	3
tt0279493	31
tt0279331	8
tt0279286	38
tt0279113	26
tt0279111	21
tt0279064	68
tt0278823	33
tt0278731	7
tt0278504	37
tt0278500	42
tt0278488	13
tt0278435	8
tt0278295	54
tt0277434	21
tt0277371	31
tt0277296	5
tt0277027	3
tt0276751	42
tt0276033	38
tt0275847	11
tt0275309	12
tt0275022	4
tt0274812	14
tt0274711	41
tt0274558	26
tt0274166	35
tt0273982	58
tt0273799	38
tt0273517	36
tt0273435	68
tt0272338	14
tt0272207	46
tt0272152	1
tt0272020	58
tt0271367	31
tt0271259	40
tt0271219	14
tt0271027	30
tt0271020	4
tt0270980	33
tt0270846	38
tt0270288	8
tt0270259	58
tt0269347	44
tt0269341	33
tt0269329	25
tt0269095	46
tt0268995	26
tt0268978	56
tt0268695	16
tt0268690	3
tt0268397	11
tt0268380	11
tt0268200	41
tt0268126	4
tt0267913	69
tt0267804	24
tt0267626	63
tt0267248	75
tt0266987	30
tt0266971	60
tt0266915	54
tt0266747	31
tt0266697	0
tt0266543	11
tt0266489	31
tt0266465	44
tt0266452	25
tt0265808	40
tt0265666	4
tt0265662	60
tt0265651	46
tt0265632	11
tt0265459	58
tt0265349	37
tt0265343	42
tt0265298	69
tt0265208	14
tt0265087	48
tt0265086	21
tt0265029	33
tt0264935	77
tt0264796	3
tt0264761	14
tt0264616	8
tt0264472	58
tt0264464	39
tt0264395	30
tt0263734	65
tt0263728	5
tt0263488	9
tt0262432	3
tt0261983	9
tt0261392	31
tt0261289	33
tt0260866	46
tt0259974	16
tt0259711	77
tt0259446	38
tt0259324	0
tt0259288	37
tt0258470	28
tt0258463	77
tt0258273	14
tt0258068	51
tt0258038	72
tt0258000	8
tt0257756	46
tt0257568	62
tt0257516	31
tt0257360	4
tt0257106	31
tt0257076	32
tt0257044	8
tt0256524	40
tt0256415	33
tt0256380	14
tt0255819	8
tt0255798	31
tt0255094	68
tt0253867	33
tt0253798	6
tt0253754	24
tt0253556	5
tt0253474	66
tt0253200	63
tt0253126	27
tt0252866	31
tt0252501	3
tt0252444	23
tt0252299	25
tt0252223	68
tt0252076	14
tt0251736	36
tt0251160	8
tt0251127	33
tt0251114	3
tt0250797	58
tt0250720	62
tt0250687	53
tt0250494	33
tt0250371	56
tt0250310	40
tt0250274	4
tt0250224	26
tt0249516	10
tt0249478	77
tt0249462	63
tt0249327	18
tt0248845	4
tt0248667	56
tt0248012	2
tt0247745	40
tt0247638	38
tt0247586	25
tt0247444	65
tt0247425	41
tt0247199	3
tt0246989	31
tt0246894	34
tt0246578	15
tt0246544	73
tt0246464	40
tt0246460	35
tt0246134	45
tt0245844	35
tt0245803	13
tt0245712	7
tt0245686	4
tt0245674	36
tt0245574	42
tt0245562	21
tt0245429	18
tt0245280	12
tt0245120	47
tt0244970	33
tt0244244	32
tt0244094	33
tt0244000	0
tt0243736	33
tt0243585	11
tt0243415	41
tt0243155	42
tt0242998	29
tt0242653	76
tt0242587	41
tt0242508	8
tt0242445	54
tt0242423	31
tt0242193	39
tt0241760	31
tt0241527	57
tt0241303	71
tt0241025	3
tt0240900	53
tt0240890	33
tt0240772	32
tt0240515	31
tt0240510	71
tt0240468	31
tt0240462	10
tt0240200	2
tt0239949	33
tt0239948	33
tt0239395	10
tt0238948	54
tt0238924	4
tt0238546	20
tt0238380	58
tt0238112	71
tt0237572	46
tt0236784	58
tt0236493	33
tt0236388	31
tt0236348	53
tt0235737	46
tt0235679	18
tt0234829	65
tt0234354	8
tt0234215	34
tt0233699	4
tt0233469	58
tt0233142	54
tt0232500	32
tt0231775	13
tt0231448	41
tt0231402	40
tt0230838	26
tt0230600	47
tt0230030	33
tt0230011	43
tt0229340	41
tt0229260	29
tt0228750	58
tt0228333	79
tt0228277	3
tt0227984	54
tt0227538	28
tt0227445	8
tt0227005	8
tt0225071	26
tt0223897	3
tt0222851	8
tt0222850	65
tt0221809	12
tt0221218	46
tt0221027	39
tt0220506	47
tt0220099	67
tt0219965	14
tt0219952	40
tt0219854	10
tt0219653	47
tt0218967	14
tt0218922	22
tt0218839	31
tt0218817	44
tt0218619	37
tt0218378	71
tt0218182	31
tt0218043	12
tt0217894	31
tt0217869	37
tt0217756	6
tt0217630	33
tt0217505	41
tt0216216	77
tt0215750	21
tt0215545	4
tt0215129	31
tt0213985	2
tt0213790	31
tt0213203	11
tt0213149	21
tt0212974	3
tt0212720	1
tt0212712	2
tt0212662	14
tt0212346	62
tt0212338	31
tt0211933	77
tt0211915	33
tt0211465	8
tt0211443	15
tt0211181	69
tt0210945	56
tt0210616	75
tt0210299	3
tt0210217	23
tt0209958	15
tt0209475	33
tt0209163	5
tt0209144	77
tt0208988	44
tt0208874	58
tt0208092	45
tt0208003	62
tt0207201	33
tt0206634	15
tt0206420	33
tt0206314	77
tt0206275	75
tt0206226	9
tt0206113	60
tt0205461	57
tt0205000	33
tt0204993	1
tt0204946	6
tt0204626	29
tt0204313	29
tt0204175	14
tt0203408	5
tt0203289	14
tt0203230	3
tt0203119	25
tt0203019	56
tt0203009	26
tt0202677	44
tt0202559	27
tt0202470	3
tt0202402	14
tt0200720	71
tt0200550	14
tt0200530	4
tt0200469	15
tt0200465	25
tt0200027	4
tt0199753	24
tt0199725	65
tt0199626	17
tt0199290	31
tt0198781	11
tt0198386	40
tt0198021	14
tt0197159	4
tt0196857	4
tt0196229	45
tt0196216	40
tt0195945	31
tt0195778	26
tt0195714	47
tt0195685	56
tt0194624	31
tt0193560	19
tt0192731	29
tt0192614	44
tt0192255	57
tt0192111	33
tt0192071	33
tt0191754	4
tt0191636	66
tt0191397	6
tt0190865	19
tt0190590	45
tt0190332	2
tt0190255	3
tt0190138	40
tt0189998	63
tt0189192	13
tt0188863	31
tt0188674	45
tt0188640	76
tt0188453	45
tt0187819	11
tt0187738	15
tt0187696	17
tt0187393	21
tt0187078	32
tt0186975	14
tt0186719	3
tt0186566	24
tt0186253	3
tt0186151	46
tt0186045	40
tt0185937	36
tt0185431	13
tt0185371	29
tt0185183	16
tt0185014	4
tt0184907	69
tt0184894	72
tt0184858	44
tt0184791	26
tt0183790	73
tt0183659	56
tt0183649	32
tt0183523	24
tt0183505	31
tt0182789	1
tt0182508	3
tt0182000	46
tt0181984	8
tt0181875	4
tt0181865	8
tt0181852	34
tt0181836	34
tt0181739	11
tt0181689	77
tt0181536	3
tt0181316	54
tt0181151	31
tt0180734	60
tt0180093	3
tt0180073	23
tt0180052	34
tt0179626	44
tt0179116	4
tt0179098	26
tt0177971	19
tt0177789	28
tt0176783	37
tt0176269	34
tt0175996	68
tt0175880	3
tt0175058	10
tt0174856	56
tt0174480	26
tt0174336	33
tt0173840	70
tt0173716	25
tt0173390	45
tt0172726	58
tt0172495	26
tt0172493	56
tt0172396	71
tt0172156	54
tt0171804	39
tt0171580	64
tt0171433	14
tt0171363	29
tt0171356	33
tt0170016	10
tt0169547	3
tt0169414	11
tt0168786	56
tt0168629	64
tt0168501	4
tt0168446	63
tt0168192	4
tt0167456	28
tt0167427	33
tt0167404	37
tt0167261	70
tt0167260	70
tt0167203	26
tt0167190	79
tt0166924	22
tt0166896	66
tt0166813	18
tt0166485	26
tt0166396	45
tt0166276	13
tt0166195	4
tt0166175	27
tt0165982	67
tt0165929	32
tt0165854	46
tt0165831	31
tt0165798	30
tt0165773	7
tt0165710	31
tt0165361	41
tt0164912	57
tt0164334	8
tt0164184	58
tt0164181	29
tt0164114	14
tt0164108	31
tt0164085	19
tt0164052	15
tt0164003	8
tt0163988	58
tt0163983	8
tt0163978	19
tt0163676	37
tt0163651	31
tt0163579	19
tt0163187	33
tt0163025	24
tt0162983	68
tt0162830	3
tt0162677	8
tt0162650	30
tt0162360	33
tt0162348	33
tt0162346	4
tt0162236	4
tt0162222	26
tt0161860	68
tt0161743	4
tt0161100	14
tt0161083	40
tt0161081	37
tt0161023	4
tt0160916	14
tt0160862	33
tt0160498	33
tt0160484	47
tt0160401	8
tt0160399	37
tt0160298	31
tt0160236	38
tt0160216	55
tt0160184	29
tt0160127	54
tt0160009	32
tt0159421	69
tt0159365	21
tt0159273	58
tt0159206	33
tt0159097	26
tt0158983	13
tt0158811	28
tt0158622	38
tt0158583	22
tt0157503	33
tt0157472	24
tt0156934	26
tt0156841	14
tt0156812	60
tt0156639	45
tt0156323	40
tt0156205	15
tt0155776	40
tt0155711	4
tt0155267	32
tt0155197	41
tt0154420	68
tt0151804	31
tt0151568	23
tt0151137	21
tt0150433	2
tt0150377	77
tt0150216	3
tt0149964	3
tt0149691	4
tt0149624	26
tt0149261	24
tt0147800	14
tt0147612	4
tt0147004	42
tt0146984	60
tt0146882	42
tt0146838	60
tt0146675	20
tt0146336	29
tt0146316	5
tt0146309	58
tt0145893	42
tt0145681	46
tt0145660	62
tt0145653	3
tt0145531	36
tt0145487	70
tt0144964	70
tt0144814	15
tt0144640	33
tt0144528	33
tt0144214	37
tt0144178	26
tt0144168	66
tt0144120	53
tt0144117	52
tt0144084	41
tt0143746	14
tt0143145	35
tt0142688	17
tt0142342	4
tt0142201	4
tt0142192	46
tt0141926	66
tt0141907	33
tt0141399	33
tt0141369	28
tt0140888	68
tt0140397	4
tt0140352	56
tt0139809	17
tt0139699	65
tt0139654	8
tt0139615	3
tt0139462	26
tt0139414	31
tt0139239	40
tt0139134	26
tt0138987	33
tt0138946	8
tt0138862	54
tt0138749	11
tt0138704	37
tt0138524	33
tt0138510	74
tt0138304	15
tt0138097	14
tt0137523	3
tt0137494	32
tt0137363	8
tt0137338	14
tt0134983	15
tt0134847	79
tt0134630	4
tt0134619	61
tt0134618	68
tt0134273	17
tt0134154	26
tt0134119	8
tt0134084	9
tt0134067	67
tt0133952	0
tt0133751	9
tt0133240	18
tt0133152	24
tt0133117	3
tt0133093	34
tt0132512	26
tt0132347	34
tt0132245	60
tt0131704	11
tt0131646	16
tt0131436	31
tt0131369	4
tt0131325	31
tt0130827	64
tt0130623	18
tt0130444	2
tt0130121	45
tt0130019	33
tt0130018	9
tt0129923	66
tt0129387	33
tt0129332	47
tt0129290	14
tt0129280	31
tt0129167	11
tt0128853	14
tt0128445	4
tt0128442	41
tt0128278	58
tt0128214	26
tt0127723	33
tt0127536	23
tt0127302	79
tt0126938	31
tt0126916	65
tt0126886	4
tt0126859	3
tt0126261	3
tt0126029	11
tt0125971	14
tt0125664	27
tt0125439	42
tt0125022	33
tt0124879	55
tt0124819	31
tt0124718	60
tt0124298	14
tt0124198	40
tt0124179	4
tt0124137	4
tt0123948	29
tt0123755	17
tt0122933	40
tt0122906	45
tt0122718	28
tt0122690	35
tt0122541	45
tt0122459	14
tt0122151	32
tt0121766	70
tt0121765	70
tt0121164	67
tt0120917	11
tt0120915	70
tt0120913	16
tt0120912	28
tt0120910	18
tt0120907	53
tt0120906	46
tt0120903	16
tt0120902	37
tt0120891	34
tt0120890	46
tt0120889	78
tt0120885	4
tt0120882	10
tt0120879	63
tt0120878	14
tt0120877	47
tt0120863	3
tt0120857	68
tt0120844	24
tt0120834	37
tt0120832	77
tt0120831	4
tt0120828	72
tt0120824	3
tt0120815	21
tt0120813	40
tt0120804	61
tt0120802	75
tt0120800	67
tt0120797	14
tt0120794	67
tt0120791	14
tt0120784	44
tt0120780	8
tt0120776	3
tt0120775	21
tt0120772	14
tt0120770	33
tt0120769	41
tt0120768	30
tt0120764	38
tt0120762	67
tt0120755	24
tt0120751	43
tt0120749	44
tt0120746	72
tt0120744	70
tt0120738	24
tt0120737	73
tt0120735	45
tt0120724	54
tt0120722	14
tt0120716	66
tt0120710	58
tt0120709	68
tt0120703	14
tt0120701	4
tt0120696	44
tt0120693	40
tt0120689	41
tt0120686	4
tt0120684	56
tt0120681	29
tt0120679	26
tt0120669	4
tt0120663	51
tt0120662	7
tt0120660	46
tt0120657	70
tt0120655	48
tt0120654	53
tt0120647	58
tt0120646	3
tt0120645	38
tt0120633	3
tt0120632	2
tt0120631	14
tt0120630	11
tt0120623	11
tt0120620	37
tt0120618	31
tt0120613	3
tt0120611	36
tt0120609	54
tt0120603	3
tt0120601	4
tt0120598	69
tt0120595	69
tt0120591	24
tt0120587	11
tt0120586	41
tt0120577	3
tt0120533	4
tt0120531	33
tt0120484	6
tt0120483	54
tt0120479	70
tt0120461	58
tt0120402	3
tt0120391	42
tt0120390	0
tt0120382	1
tt0120370	12
tt0120363	11
tt0120347	35
tt0120338	26
tt0120324	25
tt0120321	68
tt0120274	68
tt0120255	68
tt0120210	45
tt0120207	34
tt0120201	34
tt0120188	72
tt0120185	45
tt0120184	37
tt0120179	32
tt0120177	36
tt0120176	37
tt0120169	4
tt0120157	63
tt0120152	76
tt0120148	42
tt0120133	10
tt0120122	45
tt0120107	0
tt0120102	21
tt0120094	49
tt0120082	9
tt0120053	24
tt0120018	25
tt0120008	32
tt0120004	61
tt0119978	8
tt0119942	66
tt0119937	65
tt0119934	56
tt0119925	16
tt0119905	4
tt0119874	0
tt0119843	26
tt0119822	14
tt0119807	62
tt0119778	14
tt0119738	33
tt0119707	5
tt0119698	18
tt0119695	54
tt0119670	4
tt0119668	46
tt0119654	28
tt0119643	78
tt0119592	8
tt0119574	27
tt0119572	26
tt0119567	16
tt0119528	33
tt0119502	56
tt0119494	71
tt0119488	46
tt0119485	21
tt0119468	46
tt0119448	64
tt0119396	32
tt0119395	32
tt0119361	68
tt0119360	31
tt0119349	3
tt0119346	1
tt0119345	29
tt0119338	41
tt0119326	31
tt0119314	26
tt0119313	26
tt0119304	14
tt0119229	54
tt0119227	20
tt0119217	3
tt0119210	77
tt0119190	69
tt0119177	15
tt0119174	37
tt0119173	21
tt0119164	27
tt0119137	38
tt0119116	16
tt0119094	32
tt0119081	61
tt0119080	3
tt0119051	19
tt0119033	26
tt0119019	4
tt0119008	39
tt0118998	10
tt0118972	44
tt0118971	37
tt0118956	16
tt0118954	31
tt0118929	76
tt0118928	24
tt0118925	55
tt0118901	68
tt0118887	8
tt0118884	37
tt0118883	32
tt0118880	32
tt0118866	27
tt0118863	40
tt0118849	68
tt0118842	14
tt0118836	31
tt0118829	67
tt0118798	14
tt0118789	14
tt0118771	46
tt0118755	57
tt0118749	3
tt0118736	28
tt0118717	63
tt0118715	40
tt0118688	0
tt0118665	38
tt0118655	40
tt0118632	3
tt0118617	67
tt0118615	24
tt0118607	3
tt0118589	75
tt0118583	79
tt0118577	31
tt0118571	19
tt0118570	55
tt0118548	44
tt0118541	40
tt0118480	16
tt0118327	63
tt0118301	31
tt0118276	78
tt0118158	3
tt0118113	42
tt0118111	31
tt0118055	26
tt0117998	19
tt0117958	4
tt0117951	63
tt0117918	65
tt0117913	8
tt0117894	20
tt0117891	8
tt0117887	4
tt0117802	4
tt0117786	62
tt0117765	8
tt0117731	24
tt0117723	31
tt0117705	11
tt0117666	3
tt0117665	8
tt0117653	52
tt0117631	2
tt0117628	14
tt0117608	31
tt0117603	44
tt0117571	9
tt0117509	26
tt0117500	24
tt0117438	32
tt0117333	78
tt0117331	72
tt0117283	33
tt0117218	33
tt0117119	31
tt0117108	33
tt0117104	14
tt0117060	24
tt0117057	14
tt0117039	63
tt0117011	32
tt0117002	47
tt0116999	3
tt0116996	34
tt0116931	33
tt0116908	46
tt0116905	3
tt0116778	6
tt0116745	25
tt0116743	41
tt0116731	58
tt0116729	68
tt0116705	38
tt0116695	65
tt0116654	15
tt0116629	16
tt0116583	67
tt0116493	55
tt0116483	6
tt0116477	63
tt0116421	54
tt0116414	4
tt0116410	3
tt0116409	19
tt0116404	3
tt0116378	41
tt0116367	20
tt0116361	8
tt0116324	31
tt0116322	69
tt0116320	73
tt0116313	31
tt0116277	58
tt0116269	4
tt0116260	8
tt0116259	46
tt0116253	24
tt0116250	56
tt0116242	33
tt0116225	24
tt0116213	37
tt0116209	26
tt0116136	70
tt0116040	19
tt0115963	47
tt0115956	37
tt0115907	58
tt0115857	58
tt0115856	33
tt0115798	4
tt0115759	32
tt0115736	8
tt0115734	4
tt0115725	10
tt0115710	8
tt0115641	40
tt0115632	56
tt0115495	8
tt0115472	57
tt0115341	10
tt0115082	38
tt0114906	4
tt0114898	24
tt0114857	32
tt0114825	74
tt0114814	46
tt0114781	0
tt0114709	11
tt0114681	4
tt0114660	41
tt0114614	34
tt0114609	47
tt0114608	47
tt0114508	15
tt0114436	66
tt0114388	26
tt0114369	46
tt0114345	26
tt0114287	48
tt0114279	63
tt0114214	17
tt0114194	29
tt0114148	67
tt0114113	14
tt0114069	58
tt0113987	56
tt0113957	46
tt0113862	3
tt0113855	5
tt0113845	54
tt0113749	33
tt0113627	26
tt0113552	32
tt0113540	3
tt0113463	66
tt0113451	8
tt0113419	55
tt0113416	14
tt0113362	66
tt0113326	45
tt0113321	14
tt0113253	47
tt0113243	8
tt0113189	35
tt0113161	40
tt0113118	4
tt0113101	13
tt0113071	24
tt0112883	14
tt0112864	24
tt0112851	32
tt0112818	64
tt0112760	72
tt0112740	58
tt0112722	46
tt0112715	16
tt0112697	33
tt0112642	10
tt0112641	39
tt0112585	14
tt0112579	26
tt0112573	21
tt0112471	26
tt0112462	70
tt0112442	54
tt0112431	55
tt0112401	30
tt0112389	57
tt0112384	3
tt0112346	14
tt0112281	31
tt0112173	1
tt0111756	39
tt0111742	47
tt0111686	29
tt0111512	45
tt0111503	54
tt0111438	52
tt0111301	72
tt0111280	24
tt0111257	32
tt0111255	30
tt0111161	41
tt0111143	5
tt0111127	40
tt0111070	10
tt0110997	32
tt0110989	38
tt0110971	4
tt0110944	73
tt0110912	41
tt0110857	40
tt0110759	31
tt0110725	24
tt0110622	40
tt0110490	58
tt0110475	62
tt0110399	62
tt0110367	55
tt0110357	67
tt0110322	26
tt0110265	25
tt0110189	40
tt0110148	20
tt0110137	14
tt0110074	45
tt0110057	60
tt0110027	34
tt0110005	25
tt0109831	42
tt0109830	4
tt0109813	10
tt0109759	2
tt0109707	4
tt0109686	31
tt0109635	58
tt0109506	70
tt0109504	4
tt0109446	46
tt0109445	31
tt0109444	44
tt0109348	40
tt0109266	41
tt0109254	54
tt0109190	69
tt0109040	31
tt0109015	38
tt0108967	64
tt0108551	49
tt0108550	26
tt0108517	20
tt0108500	13
tt0108399	44
tt0108358	56
tt0108320	4
tt0108308	28
tt0108255	57
tt0108101	71
tt0108052	56
tt0108000	26
tt0107983	30
tt0107978	32
tt0107953	79
tt0107943	71
tt0107840	26
tt0107822	75
tt0107818	3
tt0107798	46
tt0107750	3
tt0107719	10
tt0107711	44
tt0107659	62
tt0107616	42
tt0107614	55
tt0107554	8
tt0107474	68
tt0107362	72
tt0107290	24
tt0107254	47
tt0107120	10
tt0107079	58
tt0107048	33
tt0107007	21
tt0106977	46
tt0106950	76
tt0106918	37
tt0106792	31
tt0106677	31
tt0106611	69
tt0106582	24
tt0106469	41
tt0106308	74
tt0106246	19
tt0106233	6
tt0106226	26
tt0106223	69
tt0105793	31
tt0105695	3
tt0105459	61
tt0105236	8
tt0105217	8
tt0105211	3
tt0105112	0
tt0104952	40
tt0104940	10
tt0104868	55
tt0104850	33
tt0104839	26
tt0104815	44
tt0104797	56
tt0104714	32
tt0104694	60
tt0104692	61
tt0104691	73
tt0104567	33
tt0104454	71
tt0104431	69
tt0104427	39
tt0104348	41
tt0104257	58
tt0104215	0
tt0104070	74
tt0104036	25
tt0103874	20
tt0103859	14
tt0103855	75
tt0103776	0
tt0103644	79
tt0103639	67
tt0103247	3
tt0103064	34
tt0103060	28
tt0102989	41
tt0102984	44
tt0102975	24
tt0102943	4
tt0102926	8
tt0102915	54
tt0102798	73
tt0102782	26
tt0102744	73
tt0102713	26
tt0102510	40
tt0102494	3
tt0102492	55
tt0102307	41
tt0102138	66
tt0102070	72
tt0102065	14
tt0102057	69
tt0102005	44
tt0101917	74
tt0101889	4
tt0101764	32
tt0101761	49
tt0101540	32
tt0101507	41
tt0101452	28
tt0101412	70
tt0101272	13
tt0100827	36
tt0100814	79
tt0100802	34
tt0100666	28
tt0100405	33
tt0100403	79
tt0100168	75
tt0100146	36
tt0100142	14
tt0099938	62
tt0099816	69
tt0099810	24
tt0099785	38
tt0099700	74
tt0099685	39
tt0099674	41
tt0099653	78
tt0099587	58
tt0099582	15
tt0099487	78
tt0099423	0
tt0099422	54
tt0099371	60
tt0099348	3
tt0099253	20
tt0099088	28
tt0099052	74
tt0098987	62
tt0098948	4
tt0098724	3
tt0098635	14
tt0098625	40
tt0098622	47
tt0098546	4
tt0098519	31
tt0098503	79
tt0098439	54
tt0098382	24
tt0098273	46
tt0098213	12
tt0098206	0
tt0098084	20
tt0097981	47
tt0097965	14
tt0097815	6
tt0097742	35
tt0097576	70
tt0097499	23
tt0097474	47
tt0097441	21
tt0097388	36
tt0097239	55
tt0097216	3
tt0097165	4
tt0096969	56
tt0096933	32
tt0096928	28
tt0096895	70
tt0096874	28
tt0096754	19
tt0096487	44
tt0096320	40
tt0096256	15
tt0096219	3
tt0096061	4
tt0096054	4
tt0095956	24
tt0095953	3
tt0095904	8
tt0095889	47
tt0095863	5
tt0095742	47
tt0095690	14
tt0095687	33
tt0095631	54
tt0095497	3
tt0095489	18
tt0095484	29
tt0095354	64
tt0095271	47
tt0095179	36
tt0095016	0
tt0094947	26
tt0094862	20
tt0094799	3
tt0094764	76
tt0094737	55
tt0094721	13
tt0094625	34
tt0094612	54
tt0094484	41
tt0094291	41
tt0094226	8
tt0094137	55
tt0094118	13
tt0094074	35
tt0094012	28
tt0093894	32
tt0093818	31
tt0093779	43
tt0093773	79
tt0093629	47
tt0093512	71
tt0093483	58
tt0093437	74
tt0093428	35
tt0093389	23
tt0093378	49
tt0093300	47
tt0093278	72
tt0093200	31
tt0093177	61
tt0093105	4
tt0093010	26
tt0092991	74
tt0092804	23
tt0092796	74
tt0092695	67
tt0092675	56
tt0092644	54
tt0092615	48
tt0092548	3
tt0092493	72
tt0092337	68
tt0092325	26
tt0092240	15
tt0092099	26
tt0092076	31
tt0092007	28
tt0092005	3
tt0091939	33
tt0091934	71
tt0091886	63
tt0091867	71
tt0091860	41
tt0091763	63
tt0091738	14
tt0091671	58
tt0091635	26
tt0091578	42
tt0091419	79
tt0091396	33
tt0091276	79
tt0091225	28
tt0091203	35
tt0091129	72
tt0091080	47
tt0090863	60
tt0090848	48
tt0090728	72
tt0090655	9
tt0090605	16
tt0090555	72
tt0090357	48
tt0090329	8
tt0090327	61
tt0090264	35
tt0090190	79
tt0090095	66
tt0090022	41
tt0089908	57
tt0089907	79
tt0089893	70
tt0089880	24
tt0089767	3
tt0089755	26
tt0089686	20
tt0089530	76
tt0089489	61
tt0089461	4
tt0089457	48
tt0089444	4
tt0089348	0
tt0089173	29
tt0088993	36
tt0088944	24
tt0088939	3
tt0088846	63
tt0088763	28
tt0088727	68
tt0088323	57
tt0088247	34
tt0088170	16
tt0088161	33
tt0088103	57
tt0087995	40
tt0087985	21
tt0087928	31
tt0087892	63
tt0087843	64
tt0087800	36
tt0087538	60
tt0087469	70
tt0087451	28
tt0087428	42
tt0087363	74
tt0087298	47
tt0087277	75
tt0087262	15
tt0087182	16
tt0087130	34
tt0087089	41
tt0087078	70
tt0087015	79
tt0086993	73
tt0086984	77
tt0086960	62
tt0086879	49
tt0086759	46
tt0086619	71
tt0086582	63
tt0086567	15
tt0086541	61
tt0086491	79
tt0086465	31
tt0086393	45
tt0086250	41
tt0086197	3
tt0086190	70
tt0086066	41
tt0086034	35
tt0086006	35
tt0085995	31
tt0085871	26
tt0085868	68
tt0085862	44
tt0085811	35
tt0085636	9
tt0085575	42
tt0085549	75
tt0085407	15
tt0085334	38
tt0084967	70
tt0084855	3
tt0084805	14
tt0084787	9
tt0084726	16
tt0084522	53
tt0084516	20
tt0084316	34
tt0084296	2
tt0084171	31
tt0084132	21
tt0083987	23
tt0083972	47
tt0083944	73
tt0083943	24
tt0083929	4
tt0083907	20
tt0083866	38
tt0083833	4
tt0083767	74
tt0083739	52
tt0083722	47
tt0083658	15
tt0083642	31
tt0083630	70
tt0083254	31
tt0083131	31
tt0083113	77
tt0083001	47
tt0082979	56
tt0082971	70
tt0082958	32
tt0082934	8
tt0082817	32
tt0082766	56
tt0082763	13
tt0082694	76
tt0082648	70
tt0082533	36
tt0082517	31
tt0082509	53
tt0082507	31
tt0082484	68
tt0082467	9
tt0082418	29
tt0082405	4
tt0082398	35
tt0082340	34
tt0082307	36
tt0082288	70
tt0082198	48
tt0082158	23
tt0082122	41
tt0082096	7
tt0082085	77
tt0081633	57
tt0081573	16
tt0081534	78
tt0081505	3
tt0081400	35
tt0081398	56
tt0081375	31
tt0081291	68
tt0081283	3
tt0081071	3
tt0081059	21
tt0080855	3
tt0080771	31
tt0080749	20
tt0080745	35
tt0080684	70
tt0080678	56
tt0080661	77
tt0080549	49
tt0080492	31
tt0080487	6
tt0080455	62
tt0080453	26
tt0080339	31
tt0079945	16
tt0079826	75
tt0079758	79
tt0079709	41
tt0079588	57
tt0079574	35
tt0079550	58
tt0079501	76
tt0079240	25
tt0079116	39
tt0078872	69
tt0078869	34
tt0078788	3
tt0078754	4
tt0078748	61
tt0078723	31
tt0078504	43
tt0078346	73
tt0077975	31
tt0077838	59
tt0077766	47
tt0077651	47
tt0077631	26
tt0077572	63
tt0077531	3
tt0077416	63
tt0077405	26
tt0077296	73
tt0077294	24
tt0077269	63
tt0076759	70
tt0076752	35
tt0076740	19
tt0076451	75
tt0076271	79
tt0076257	31
tt0076245	3
tt0076175	71
tt0076141	31
tt0076009	36
tt0075909	79
tt0075860	1
tt0075784	21
tt0075686	33
tt0075314	41
tt0075148	60
tt0075147	26
tt0075005	61
tt0074958	26
tt0074812	16
tt0074512	31
tt0074486	79
tt0074174	55
tt0073486	3
tt0073195	19
tt0072856	34
tt0072684	21
tt0072626	36
tt0072431	31
tt0072271	47
tt0072081	45
tt0071853	57
tt0071807	35
tt0071562	41
tt0071524	14
tt0071360	37
tt0071230	31
tt0071206	69
tt0070735	4
tt0070707	31
tt0070518	26
tt0070379	8
tt0070328	35
tt0070047	36
tt0069768	34
tt0069704	4
tt0069467	68
tt0069293	1
tt0069089	40
tt0068699	9
tt0068646	41
tt0068611	17
tt0068555	31
tt0068408	34
tt0068156	55
tt0068135	46
tt0068098	4
tt0067992	10
tt0067810	8
tt0067756	1
tt0067580	3
tt0067116	44
tt0067093	55
tt0067065	34
tt0066995	35
tt0066808	31
tt0066769	15
tt0066580	59
tt0066549	21
tt0066473	21
tt0066206	56
tt0066141	47
tt0066090	3
tt0065895	25
tt0065611	14
tt0065579	31
tt0065571	68
tt0065528	4
tt0065466	4
tt0065462	16
tt0065446	14
tt0065214	70
tt0065112	58
tt0065054	75
tt0064990	66
tt0064782	14
tt0064757	35
tt0064665	3
tt0064116	68
tt0064115	39
tt0063829	38
tt0063592	45
tt0063522	3
tt0063385	63
tt0063350	9
tt0062794	26
tt0062711	28
tt0062622	57
tt0062512	35
tt0062235	9
tt0062138	32
tt0061809	39
tt0061747	3
tt0061107	17
tt0060816	63
tt0060665	23
tt0060490	46
tt0060438	31
tt0060196	68
tt0060153	69
tt0059825	17
tt0059800	35
tt0059742	55
tt0059592	66
tt0059418	48
tt0059245	56
tt0059113	26
tt0059026	11
tt0058701	66
tt0058461	68
tt0058414	26
tt0058385	55
tt0058331	10
tt0058182	45
tt0058150	35
tt0058085	21
tt0057733	10
tt0057590	45
tt0057193	62
tt0057163	3
tt0057115	21
tt0057076	35
tt0057012	31
tt0057007	33
tt0056937	23
tt0056800	21
tt0056592	41
tt0056217	3
tt0056197	21
tt0056193	71
tt0056172	23
tt0055928	35
tt0055689	31
tt0055614	8
tt0055312	4
tt0055184	26
tt0055031	3
tt0054997	60
tt0054215	29
tt0053793	3
tt0053604	14
tt0053291	33
tt0053290	21
tt0053131	3
tt0052646	79
tt0051459	26
tt0050212	63
tt0050083	41
tt0049875	26
tt0049513	3
tt0049452	26
tt0048750	33
tt0048452	68
tt0047478	73
tt0047296	41
tt0046949	3
tt0046672	43
tt0046247	3
tt0046126	32
tt0045793	26
tt0045546	79
tt0045152	33
tt0044706	17
tt0044672	26
tt0044533	41
tt0044081	3
tt0044030	55
tt0043949	56
tt0042200	33
tt0042114	38
tt0041866	3
tt0041841	26
tt0040724	73
tt0040694	33
tt0040671	41
tt0040525	46
tt0039927	26
tt0039416	26
tt0038650	78
tt0038499	26
tt0038213	3
tt0038116	26
tt0038109	77
tt0037884	3
tt0036868	26
tt0036628	31
tt0035959	78
tt0035423	33
tt0034583	26
tt0034492	55
tt0033729	55
tt0032976	37
tt0032910	67
tt0032455	18
tt0032273	26
tt0032264	55
tt0032138	43
tt0031679	4
tt0031381	21
tt0030993	14
tt0029852	26
tt0029583	67
tt0029442	26
tt0027977	55
tt0027438	73
tt0027125	33
tt0025316	33
tt0024548	14
tt0024034	33
tt0022879	26
tt0020960	3
tt0019729	26
tt0018737	64
tt0017136	68
